quake,none,normal-chops,none,none,oner,-3,1133,1045,0,0,0.52,0,0,0,0,0
quake,none,normal-chops,none,none,oner,-2,1133,1045,0,0,0.52,0,0,0,0,0
quake,none,normal-chops,none,none,oner,-1,393,100,740,945,0.61,0.56,0.9,0.65,0.69,0.76
quake,none,normal-chops,none,none,oner,0,1133,1045,0,0,0.52,0,0,0,0,0
quake,none,normal-chops,none,none,oner,1,901,955,232,90,0.46,0.28,0.09,0.2,0.13,0.12
quake,none,normal-chops,none,none,oner,2,1086,1040,47,5,0.5,0.1,0,0.04,0.01,0.01
quake,none,normal-chops,none,none,oner,3,1019,1040,114,5,0.47,0.04,0,0.1,0.01,0.01
quake,bore,n-bins6,genic-3-97,nomograms,2b,1,1,0,324,110,0.26,0.25,1,1,0.4,1
quake,bore,n-bins6,genic-3-97,nomograms,2b,2,324,110,1,0,0.74,0,0,0,0,0
quake,bore,n-bins6,genic-3-97,nomograms,2b,3,325,110,0,0,0.75,0,0,0,0,0
quake,bore,n-bins6,genic-3-97,nomograms,2b,4,325,110,0,0,0.75,0,0,0,0,0
quake,bore,n-bins6,genic-3-97,nomograms,2b,5,325,110,0,0,0.75,0,0,0,0,0
quake,bore,n-bins6,genic-3-97,nomograms,2b,6,325,110,0,0,0.75,0,0,0,0,0
quake,none,n-chops8,genic2-3,b-squared,nb,1,1366,364,0,0,0.79,0,0,0,0,0
quake,none,n-chops8,genic2-3,b-squared,nb,2,1366,364,0,0,0.79,0,0,0,0,0
quake,none,n-chops8,genic2-3,b-squared,nb,3,1366,364,0,0,0.79,0,0,0,0,0
quake,none,n-chops8,genic2-3,b-squared,nb,4,1073,284,293,80,0.67,0.21,0.22,0.21,0.22,0.22
quake,none,n-chops8,genic2-3,b-squared,nb,5,1366,364,0,0,0.79,0,0,0,0,0
quake,none,n-chops8,genic2-3,b-squared,nb,6,1018,258,348,106,0.65,0.23,0.29,0.25,0.26,0.27
quake,none,n-chops8,genic2-3,b-squared,nb,7,641,186,725,178,0.47,0.2,0.49,0.53,0.28,0.51
quake,none,n-chops8,genic2-3,b-squared,nb,8,1366,364,0,0,0.79,0,0,0,0,0
quake,none,n-bins6,genic-3-97,none,nb,1,102,76,1170,830,0.43,0.42,0.92,0.92,0.57,0.92
quake,none,n-bins6,genic-3-97,none,nb,2,1272,906,0,0,0.58,0,0,0,0,0
quake,none,n-bins6,genic-3-97,none,nb,3,1272,906,0,0,0.58,0,0,0,0,0
quake,none,n-bins6,genic-3-97,none,nb,4,1272,906,0,0,0.58,0,0,0,0,0
quake,none,n-bins6,genic-3-97,none,nb,5,1272,906,0,0,0.58,0,0,0,0,0
quake,none,n-bins6,genic-3-97,none,nb,6,1272,906,0,0,0.58,0,0,0,0,0
quake,normalize,n-chops8,none,none,oner,1,1699,207,226,46,0.8,0.17,0.18,0.12,0.18,0.14
quake,normalize,n-chops8,none,none,oner,2,1678,227,247,26,0.78,0.1,0.1,0.13,0.1,0.11
quake,normalize,n-chops8,none,none,oner,3,1685,220,240,33,0.79,0.12,0.13,0.12,0.13,0.13
quake,normalize,n-chops8,none,none,oner,4,1652,253,273,0,0.76,0,0,0.14,0,0
quake,normalize,n-chops8,none,none,oner,5,1718,187,207,66,0.82,0.24,0.26,0.11,0.25,0.15
quake,normalize,n-chops8,none,none,oner,6,1656,249,269,4,0.76,0.01,0.02,0.14,0.02,0.03
quake,normalize,n-chops8,none,none,oner,7,1652,253,273,0,0.76,0,0,0.14,0,0
quake,normalize,n-chops8,none,none,oner,8,1735,175,190,78,0.83,0.29,0.31,0.1,0.3,0.15
quake,none,normal-chops,none,none,twob,-3,964,1214,0,0,0.44,0,0,0,0,0
quake,none,normal-chops,none,none,twob,-2,964,1214,0,0,0.44,0,0,0,0,0
quake,none,normal-chops,none,none,twob,-1,4,5,960,1209,0.56,0.56,1,1,0.71,1
quake,none,normal-chops,none,none,twob,0,964,1214,0,0,0.44,0,0,0,0,0
quake,none,normal-chops,none,none,twob,1,964,1214,0,0,0.44,0,0,0,0,0
quake,none,normal-chops,none,none,twob,2,964,1214,0,0,0.44,0,0,0,0,0
quake,none,normal-chops,none,none,twob,3,960,1209,4,5,0.44,0.56,0,0,0.01,0
quake,none,normal-chops,none,none,nb,-3,969,1209,0,0,0.44,0,0,0,0,0
quake,none,normal-chops,none,none,nb,-3,969,1209,0,0,0.44,0,0,0,0,0
quake,none,normal-chops,none,none,nb,-1,0,0,969,1209,0.56,0.56,1,1,0.71,1
quake,none,normal-chops,none,none,nb,0,969,1209,0,0,0.44,0,0,0,0,0
quake,none,normal-chops,none,none,nb,1,969,1209,0,0,0.44,0,0,0,0,0
quake,none,normal-chops,none,none,nb,2,969,1209,0,0,0.44,0,0,0,0,0
quake,none,normal-chops,none,none,nb,3,969,1209,0,0,0.44,0,0,0,0,0
sick,none,n-chops8,none,nomograms,nb,NEGATIVE,58,380,17,3483,0.9,0.99,0.9,0.22,0.94,0.36
sick,none,n-chops8,none,nomograms,nb,SICK,17,3601,58,214,0.06,0.79,0.06,0.77,0.1,0.1
sick,none,normal-chops,none,nomograms,2b,SICK,231,3487,0,0,0.06,0,0,0,0,0
sick,none,normal-chops,none,nomograms,2b,NEGATIVE,0,0,231,3541,0.94,0.94,1,1,0.97,1
sick,none,n-chops8,none,none,2b,NEGATIVE,0,0,231,3541,0.94,0.94,1,1,0.97,1
sick,none,n-chops8,none,none,2b,SICK,231,3487,0,0,0.06,0,0,0,0,0
sick,normalize,n-chops8,none,none,nb,SICK,17,3430,58,214,0.06,0.79,0.06,0.77,0.11,0.11
sick,normalize,n-chops8,none,none,nb,NEGATIVE,58,209,17,3483,0.94,1,0.94,0.23,0.97,0.37
cloud,bore,normal-chops,none,none,oner,-3,38,69,0,0,0.36,0,0,0,0,0
cloud,bore,normal-chops,none,none,oner,-2,31,63,7,6,0.35,0.46,0.09,0.18,0.15,0.12
cloud,bore,normal-chops,none,none,oner,-1,30,28,8,42,0.67,0.84,0.6,0.21,0.7,0.31
cloud,bore,normal-chops,none,none,oner,0,38,69,0,0,0.36,0,0,0,0,0
cloud,bore,normal-chops,none,none,oner,1,24,55,14,14,0.36,0.5,0.2,0.37,0.29,0.26
cloud,bore,normal-chops,none,none,oner,2,32,65,6,4,0.34,0.4,0.06,0.16,0.1,0.08
cloud,bore,normal-chops,none,none,oner,3,35,65,3,4,0.36,0.57,0.06,0.08,0.11,0.07
cloud,none,n-chops8,none,none,oner,1,63,31,3,10,0.68,0.77,0.24,0.05,0.37,0.08
cloud,none,n-chops8,none,none,oner,2,58,35,8,6,0.6,0.43,0.15,0.12,0.22,0.13
cloud,none,n-chops8,none,none,oner,3,55,38,11,3,0.54,0.21,0.07,0.17,0.11,0.1
cloud,none,n-chops8,none,none,oner,4,54,39,12,2,0.52,0.14,0.05,0.18,0.07,0.08
cloud,none,n-chops8,none,none,oner,5,54,39,12,2,0.52,0.14,0.05,0.18,0.07,0.08
cloud,none,n-chops8,none,none,oner,6,57,36,9,5,0.58,0.36,0.12,0.14,0.18,0.13
cloud,none,n-chops8,none,none,oner,7,59,35,7,7,0.61,0.5,0.17,0.11,0.25,0.13
cloud,none,n-chops8,none,none,oner,8,62,34,4,7,0.64,0.64,0.17,0.06,0.27,0.09
cloud,bore,normal-chops,none,none,2b,-3,51,56,0,0,0.48,0,0,0,0,0
cloud,bore,normal-chops,none,none,2b,-2,44,56,7,0,0.41,0,0,0.14,0,0
cloud,bore,normal-chops,none,none,2b,-1,23,4,28,53,0.7,0.65,0.93,0.55,0.77,0.69
cloud,bore,normal-chops,none,none,2b,0,51,56,0,0,0.48,0,0,0,0,0
cloud,bore,normal-chops,none,none,2b,1,36,52,15,4,0.37,0.21,0.07,0.29,0.11,0.11
cloud,bore,normal-chops,none,none,2b,2,50,56,1,0,0.47,0,0,0.02,0,0
cloud,bore,normal-chops,none,none,2b,3,51,56,0,0,0.48,0,0,0,0,0
cloud,none,n-chops8,none,none,2b,1,65,26,10,6,0.66,0.38,0.19,0.13,0.25,0.16
cloud,none,n-chops8,none,none,2b,2,73,26,2,6,0.74,0.75,0.19,0.03,0.3,0.05
cloud,none,n-chops8,none,none,2b,3,58,24,17,8,0.62,0.32,0.25,0.23,0.28,0.24
cloud,none,n-chops8,none,none,2b,4,68,28,7,4,0.67,0.36,0.13,0.09,0.19,0.11
cloud,none,n-chops8,none,none,2b,5,60,31,15,1,0.57,0.06,0.03,0.2,0.04,0.05
cloud,none,n-chops8,none,none,2b,6,70,32,5,0,0.65,0,0,0.07,0,0
cloud,none,n-chops8,none,none,2b,7,60,25,15,8,0.63,0.35,0.24,0.2,0.29,0.22
cloud,none,n-chops8,none,none,2b,8,71,32,4,0,0.66,0,0,0.05,0,0
cloud,none,n-chops8,none,none,nb,1,24,67,2,13,0.35,0.87,0.16,0.08,0.27,0.1
cloud,none,n-chops8,none,none,nb,2,22,68,4,12,0.32,0.75,0.15,0.15,0.25,0.15
cloud,none,n-chops8,none,none,nb,3,25,72,1,8,0.31,0.89,0.1,0.04,0.18,0.06
cloud,none,n-chops8,none,none,nb,4,24,70,2,11,0.33,0.85,0.14,0.08,0.23,0.1
cloud,none,n-chops8,none,none,nb,5,22,71,4,9,0.29,0.69,0.11,0.15,0.19,0.13
cloud,none,n-chops8,none,none,nb,6,19,69,7,11,0.28,0.61,0.14,0.27,0.22,0.18
cloud,none,n-chops8,none,none,nb,7,23,73,3,8,0.29,0.73,0.1,0.12,0.17,0.11
cloud,none,n-chops8,none,none,nb,8,23,70,3,10,0.31,0.77,0.13,0.12,0.22,0.12
cloud,bore,normal-chops,none,none,nb,-3,41,66,0,0,0.38,0,0,0,0,0
cloud,bore,normal-chops,none,none,nb,-2,39,64,2,2,0.38,0.5,0.03,0.05,0.06,0.04
cloud,bore,normal-chops,none,none,nb,-1,33,25,8,42,0.69,0.84,0.63,0.2,0.72,0.3
cloud,bore,normal-chops,none,none,nb,0,41,66,0,0,0.38,0,0,0,0,0
cloud,bore,normal-chops,none,none,nb,1,10,44,31,22,0.3,0.42,0.33,0.76,0.37,0.46
cloud,bore,normal-chops,none,none,nb,2,41,65,0,1,0.39,1,0.02,0,0.03,0
cloud,bore,normal-chops,none,none,nb,3,41,66,0,0,0.38,0,0,0,0,0
ionosphere,none,n-chops8,none,none,nb,G,16,124,0,209,0.64,1,0.63,0,0.77,0
ionosphere,none,n-chops8,none,none,nb,B,0,205,16,126,0.36,0.89,0.38,1,0.53,0.55
ionosphere,normalize,normal-chops,genic2-3,none,nb,B,0,205,16,126,0.36,0.89,0.38,1,0.53,0.55
ionosphere,normalize,normal-chops,genic2-3,none,nb,G,16,124,0,209,0.64,1,0.63,0,0.77,0
ionosphere,normalize,normal-chops,genic2-3,none,2b,G,220,124,0,5,0.64,1,0.04,0,0.07,0
ionosphere,normalize,normal-chops,genic2-3,none,2b,B,0,5,220,126,0.36,0.36,0.96,1,0.53,0.98
ionosphere,none,n-chops8,none,none,2b,B,0,2,223,126,0.36,0.36,0.98,1,0.53,0.99
ionosphere,none,n-chops8,none,none,2b,G,223,124,0,2,0.64,1,0.02,0,0.03,0
ionosphere,none,n-bins8,none,none,2b,G,225,124,0,0,0.64,0,0,0,0,0
ionosphere,none,n-bins8,none,none,2b,B,0,0,225,126,0.36,0.36,1,1,0.53,1
ionosphere,none,n-bins8,none,none,nb,G,16,124,0,209,0.64,1,0.63,0,0.77,0
ionosphere,none,n-bins8,none,none,nb,B,0,205,16,126,0.36,0.89,0.38,1,0.53,0.55
weather2,none,n-bins8,none,none,nb,YES,0,3,2,9,0.64,0.82,0.75,1,0.78,0.86
weather2,none,n-bins8,none,none,nb,NO,2,9,0,3,0.36,1,0.25,0,0.4,0
weather2,none,n-bins8,none,none,2b,NO,5,9,0,0,0.36,0,0,0,0,0
weather2,none,n-bins8,none,none,2b,YES,0,0,5,9,0.64,0.64,1,1,0.78,1
weather2,normalize,normal-chops,none,none,nb,YES,0,3,2,9,0.64,0.82,0.75,1,0.78,0.86
weather2,normalize,normal-chops,none,none,nb,NO,2,9,0,3,0.36,1,0.25,0,0.4,0
weather2,normalize,normal-chops,none,none,2b,NO,5,9,0,0,0.36,0,0,0,0,0
weather2,normalize,normal-chops,none,none,2b,YES,0,0,5,9,0.64,0.64,1,1,0.78,1
weather2,none,n-chops8,genic-3-100,none,2b,YES,0,0,5,9,0.64,0.64,1,1,0.78,1
weather2,none,n-chops8,genic-3-100,none,2b,NO,5,9,0,0,0.36,0,0,0,0,0
weather2,none,n-chops8,genic-3-100,none,nb,NO,2,9,0,3,0.36,1,0.25,0,0.4,0
weather2,none,n-chops8,genic-3-100,none,nb,YES,0,3,2,9,0.64,0.82,0.75,1,0.78,0.86
strike,none,normal-chops,genic-3-100,none,nb,-3,148,477,0,0,0.24,0,0,0,0,0
strike,none,normal-chops,genic-3-100,none,nb,-2,148,477,0,0,0.24,0,0,0,0,0
strike,none,normal-chops,genic-3-100,none,nb,-1,101,91,47,386,0.78,0.89,0.81,0.32,0.85,0.46
strike,none,normal-chops,genic-3-100,none,nb,0,148,477,0,0,0.24,0,0,0,0,0
strike,none,normal-chops,genic-3-100,none,nb,1,92,403,56,74,0.27,0.57,0.16,0.38,0.24,0.22
strike,none,normal-chops,genic-3-100,none,nb,2,132,468,16,9,0.23,0.36,0.02,0.11,0.04,0.03
strike,none,normal-chops,genic-3-100,none,nb,3,119,469,29,8,0.2,0.22,0.02,0.2,0.03,0.03
strike,none,n-chops8,genic2-3,none,nb,1,295,244,36,50,0.55,0.58,0.17,0.11,0.26,0.13
strike,none,n-chops8,genic2-3,none,nb,2,281,249,50,45,0.52,0.47,0.15,0.15,0.23,0.15
strike,none,n-chops8,genic2-3,none,nb,3,297,268,34,26,0.52,0.43,0.09,0.1,0.15,0.1
strike,none,n-chops8,genic2-3,none,nb,4,284,266,47,28,0.5,0.37,0.1,0.14,0.15,0.11
strike,none,n-chops8,genic2-3,none,nb,5,302,277,29,17,0.51,0.37,0.06,0.09,0.1,0.07
strike,none,n-chops8,genic2-3,none,nb,6,292,268,39,26,0.51,0.4,0.09,0.12,0.14,0.1
strike,none,n-chops8,genic2-3,none,nb,7,254,234,77,60,0.5,0.44,0.2,0.23,0.28,0.22
strike,none,n-chops8,genic2-3,none,nb,8,312,252,19,42,0.57,0.69,0.14,0.06,0.24,0.08
strike,none,normal-chops,genic-3-100,none,2b,-3,207,418,0,0,0.33,0,0,0,0,0
strike,none,normal-chops,genic-3-100,none,2b,-2,207,418,0,0,0.33,0,0,0,0,0
strike,none,normal-chops,genic-3-100,none,2b,-1,108,64,99,354,0.74,0.78,0.85,0.48,0.81,0.61
strike,none,normal-chops,genic-3-100,none,2b,0,207,418,0,0,0.33,0,0,0,0,0
strike,none,normal-chops,genic-3-100,none,2b,1,152,354,55,64,0.35,0.54,0.15,0.27,0.24,0.19
strike,none,normal-chops,genic-3-100,none,2b,2,157,418,50,0,0.25,0,0,0.24,0,0
strike,none,normal-chops,genic-3-100,none,2b,3,204,418,3,0,0.33,0,0,0.01,0,0
strike,none,n-chops8,genic2-3,none,2b,1,475,72,63,15,0.78,0.19,0.17,0.12,0.18,0.14
strike,none,n-chops8,genic2-3,none,2b,2,499,86,39,1,0.8,0.03,0.01,0.07,0.02,0.02
strike,none,n-chops8,genic2-3,none,2b,3,487,81,51,6,0.79,0.11,0.07,0.09,0.08,0.08
strike,none,n-chops8,genic2-3,none,2b,4,405,77,133,10,0.66,0.07,0.11,0.25,0.09,0.16
strike,none,n-chops8,genic2-3,none,2b,5,452,63,86,24,0.76,0.22,0.28,0.16,0.24,0.2
strike,none,n-chops8,genic2-3,none,2b,6,458,69,80,18,0.76,0.18,0.21,0.15,0.19,0.17
strike,none,n-chops8,genic2-3,none,2b,7,482,87,56,0,0.77,0,0,0.1,0,0
strike,none,n-chops8,genic2-3,none,2b,8,508,74,30,13,0.83,0.3,0.15,0.06,0.2,0.08
strike,none,normal-chops,genic-3-100,none,oner,-3,606,19,0,0,0.97,0,0,0,0,0
strike,none,normal-chops,genic-3-100,none,oner,-2,606,19,0,0,0.97,0,0,0,0,0
strike,none,normal-chops,genic-3-100,none,oner,-1,606,19,0,0,0.97,0,0,0,0,0
strike,none,normal-chops,genic-3-100,none,oner,0,606,19,0,0,0.97,0,0,0,0,0
strike,none,normal-chops,genic-3-100,none,oner,1,589,1,17,18,0.97,0.51,0.95,0.03,0.67,0.05
strike,none,normal-chops,genic-3-100,none,oner,2,571,19,35,0,0.91,0,0,0.06,0,0
strike,none,normal-chops,genic-3-100,none,oner,3,577,18,29,1,0.92,0.03,0.05,0.05,0.04,0.05
strike,none,n-chops8,genic2-3,none,oner,1,557,33,30,5,0.9,0.14,0.13,0.05,0.14,0.07
strike,none,n-chops8,genic2-3,none,oner,2,552,38,35,0,0.88,0,0,0.06,0,0
strike,none,n-chops8,genic2-3,none,oner,3,562,33,25,5,0.91,0.17,0.13,0.04,0.15,0.06
strike,none,n-chops8,genic2-3,none,oner,4,554,36,33,2,0.89,0.06,0.05,0.06,0.05,0.05
strike,none,n-chops8,genic2-3,none,oner,5,558,32,29,6,0.9,0.17,0.16,0.05,0.16,0.08
strike,none,n-chops8,genic2-3,none,oner,6,558,32,29,6,0.9,0.17,0.16,0.05,0.16,0.08
strike,none,n-chops8,genic2-3,none,oner,7,552,38,35,0,0.88,0,0,0.06,0,0
strike,none,n-chops8,genic2-3,none,oner,8,566,24,21,14,0.93,0.4,0.37,0.04,0.38,0.07
bolts,none,normal-chops,none,none,oner,-3,7,33,0,0,0.18,0,0,0,0,0
bolts,none,normal-chops,none,none,oner,-2,7,33,0,0,0.18,0,0,0,0,0
bolts,none,normal-chops,none,none,oner,-1,2,7,5,26,0.7,0.84,0.79,0.71,0.81,0.75
bolts,none,normal-chops,none,none,oner,0,7,33,0,0,0.18,0,0,0,0,0
bolts,none,normal-chops,none,none,oner,1,6,33,1,0,0.15,0,0,0.14,0,0
bolts,none,normal-chops,none,none,oner,2,7,27,0,6,0.33,1,0.18,0,0.31,0
bolts,none,normal-chops,none,none,oner,3,6,32,1,1,0.18,0.5,0.03,0.14,0.06,0.05
bolts,none,n-bins6,genic-3-97,nomograms,2b,0,0,0,4,4,0.5,0.5,1,1,0.67,1
bolts,none,n-bins6,genic-3-97,nomograms,2b,1,4,4,0,0,0.5,0,0,0,0,0
bolts,none,n-bins6,genic-3-97,nomograms,2b,2,4,4,0,0,0.5,0,0,0,0,0
bolts,none,n-bins6,genic-3-97,nomograms,2b,3,4,4,0,0,0.5,0,0,0,0,0
bolts,none,n-bins6,genic-3-97,nomograms,2b,4,4,4,0,0,0.5,0,0,0,0,0
bolts,none,n-bins6,genic-3-97,nomograms,2b,5,4,4,0,0,0.5,0,0,0,0,0
bolts,none,n-bins6,genic-3-97,nomograms,2b,6,4,4,0,0,0.5,0,0,0,0,0
bolts,none,n-chops8,genic2-3,b-squared,nb,1,5,28,0,4,0.24,1,0.13,0,0.22,0
bolts,none,n-chops8,genic2-3,b-squared,nb,2,5,27,0,5,0.27,1,0.16,0,0.27,0
bolts,none,n-chops8,genic2-3,b-squared,nb,3,4,27,1,5,0.24,0.83,0.16,0.2,0.26,0.18
bolts,none,n-chops8,genic2-3,b-squared,nb,4,3,27,2,5,0.22,0.71,0.16,0.4,0.26,0.22
bolts,none,n-chops8,genic2-3,b-squared,nb,5,5,29,0,3,0.22,1,0.09,0,0.17,0
bolts,none,n-chops8,genic2-3,b-squared,nb,6,3,27,2,5,0.22,0.71,0.16,0.4,0.26,0.22
bolts,none,n-chops8,genic2-3,b-squared,nb,7,5,30,0,2,0.19,1,0.06,0,0.12,0
bolts,none,n-chops8,genic2-3,b-squared,nb,8,5,29,0,3,0.22,1,0.09,0,0.17,0
bolts,none,n-bins6,genic-3-97,none,nb,0,11,21,1,7,0.45,0.88,0.25,0.08,0.39,0.13
bolts,none,n-bins6,genic-3-97,none,nb,1,1,17,11,11,0.3,0.5,0.39,0.92,0.44,0.55
bolts,none,n-bins6,genic-3-97,none,nb,2,12,26,0,2,0.35,1,0.07,0,0.13,0
bolts,none,n-bins6,genic-3-97,none,nb,3,12,28,0,0,0.3,0,0,0,0,0
bolts,none,n-bins6,genic-3-97,none,nb,4,12,27,0,1,0.33,1,0.04,0,0.07,0
bolts,none,n-bins6,genic-3-97,none,nb,5,12,23,0,5,0.43,1,0.18,0,0.3,0
bolts,none,n-bins6,genic-3-97,none,nb,6,12,26,0,2,0.35,1,0.07,0,0.13,0
bolts,normalize,n-chops8,none,nomograms,oner,1,34,1,3,2,0.9,0.4,0.67,0.08,0.5,0.14
bolts,normalize,n-chops8,none,nomograms,oner,2,31,3,6,0,0.78,0,0,0.16,0,0
bolts,normalize,n-chops8,none,nomograms,oner,3,31,3,6,0,0.78,0,0,0.16,0,0
bolts,normalize,n-chops8,none,nomograms,oner,4,31,3,6,0,0.78,0,0,0.16,0,0
bolts,normalize,n-chops8,none,nomograms,oner,5,31,3,6,0,0.78,0,0,0.16,0,0
bolts,normalize,n-chops8,none,nomograms,oner,6,32,2,5,1,0.83,0.17,0.33,0.14,0.22,0.19
bolts,normalize,n-chops8,none,nomograms,oner,7,32,3,5,0,0.8,0,0,0.14,0,0
bolts,normalize,n-chops8,none,nomograms,oner,8,37,3,0,0,0.93,0,0,0,0,0
bolts,none,normal-chops,none,none,twob,-3,6,34,0,0,0.15,0,0,0,0,0
bolts,none,normal-chops,none,none,twob,-2,6,34,0,0,0.15,0,0,0,0,0
bolts,none,normal-chops,none,none,twob,-1,4,9,2,25,0.73,0.93,0.74,0.33,0.82,0.46
bolts,none,normal-chops,none,none,twob,0,6,34,0,0,0.15,0,0,0,0,0
bolts,none,normal-chops,none,none,twob,1,6,34,0,0,0.15,0,0,0,0,0
bolts,none,normal-chops,none,none,twob,2,2,25,4,9,0.28,0.69,0.26,0.67,0.38,0.38
bolts,none,normal-chops,none,none,twob,3,6,34,0,0,0.15,0,0,0,0,0
bolts,none,normal-chops,none,none,nb,-3,5,35,0,0,0.13,0,0,0,0,0
bolts,none,normal-chops,none,none,nb,-2,5,35,0,0,0.13,0,0,0,0,0
bolts,none,normal-chops,none,none,nb,-1,1,9,4,26,0.68,0.87,0.74,0.8,0.8,0.77
bolts,none,normal-chops,none,none,nb,0,5,35,0,0,0.13,0,0,0,0,0
bolts,none,normal-chops,none,none,nb,1,5,34,0,1,0.15,1,0.03,0,0.06,0
bolts,none,normal-chops,none,none,nb,2,4,27,1,8,0.3,0.89,0.23,0.2,0.36,0.21
bolts,none,normal-chops,none,none,nb,3,5,35,0,0,0.13,0,0,0,0,0
fruitfly,none,normal-chops,none,none,oner,-3,86,35,4,0,0.69,0,0,0.04,0,0
fruitfly,none,normal-chops,none,none,oner,-2,77,34,13,1,0.62,0.07,0.03,0.14,0.04,0.05
fruitfly,none,normal-chops,none,none,oner,-1,68,14,22,21,0.71,0.49,0.6,0.24,0.54,0.35
fruitfly,none,normal-chops,none,none,oner,0,90,35,0,0,0.72,0,0,0,0,0
fruitfly,none,normal-chops,none,none,oner,1,59,22,31,13,0.58,0.3,0.37,0.34,0.33,0.36
fruitfly,none,normal-chops,none,none,oner,2,73,35,17,0,0.58,0,0,0.19,0,0
fruitfly,none,normal-chops,none,none,oner,3,87,35,3,0,0.7,0,0,0.03,0,0
detroit,none,normal-chops,none,none,oner,-3,10,3,0,0,0.77,0,0,0,0,0
detroit,none,normal-chops,none,none,oner,-2,7,3,3,0,0.54,0,0,0.3,0,0
detroit,none,normal-chops,none,none,oner,-1,7,3,3,0,0.54,0,0,0.3,0,0
detroit,none,normal-chops,none,none,oner,0,10,3,0,0,0.77,0,0,0,0,0
detroit,none,normal-chops,none,none,oner,1,7,0,3,3,0.77,0.5,1,0.3,0.67,0.46
detroit,none,normal-chops,none,none,oner,2,9,3,1,0,0.69,0,0,0.1,0,0
detroit,none,normal-chops,none,none,oner,3,10,3,0,0,0.77,0,0,0,0,0
detroit,none,n-bins6,none,none,2b,0,5,7,1,0,0.38,0,0,0.17,0,0
detroit,none,n-bins6,none,none,2b,1,6,7,0,0,0.46,0,0,0,0,0
detroit,none,n-bins6,none,none,2b,2,1,1,5,6,0.54,0.55,0.86,0.83,0.67,0.85
detroit,none,n-bins6,none,none,2b,3,6,6,0,1,0.54,1,0.14,0,0.25,0
detroit,none,n-bins6,none,none,2b,4,6,7,0,0,0.46,0,0,0,0,0
detroit,none,n-bins6,none,none,2b,5,6,7,0,0,0.46,0,0,0,0,0
detroit,none,n-bins6,none,none,2b,6,6,7,0,0,0.46,0,0,0,0,0
autos,bore,normal-chops,none,nomograms,nb,-3,9,196,0,0,0.04,0,0,0,0,0
autos,bore,normal-chops,none,nomograms,nb,-2,9,193,0,3,0.06,1,0.02,0,0.03,0
autos,bore,normal-chops,none,nomograms,nb,-1,7,174,2,22,0.14,0.92,0.11,0.22,0.2,0.15
autos,bore,normal-chops,none,nomograms,nb,0,8,132,1,64,0.35,0.98,0.33,0.11,0.49,0.17
autos,bore,normal-chops,none,nomograms,nb,1,4,145,5,51,0.27,0.91,0.26,0.56,0.4,0.35
autos,bore,normal-chops,none,nomograms,nb,2,9,167,0,29,0.19,1,0.15,0,0.26,0
autos,bore,normal-chops,none,nomograms,nb,3,8,169,1,27,0.17,0.96,0.14,0.11,0.24,0.12
autos,none,normal-chops,none,nomograms,nb,-3,9,196,0,0,0.04,0,0,0,0,0
autos,none,normal-chops,none,nomograms,nb,-2,9,193,0,3,0.06,1,0.02,0,0.03,0
autos,none,normal-chops,none,nomograms,nb,-1,7,174,2,22,0.14,0.92,0.11,0.22,0.2,0.15
autos,none,normal-chops,none,nomograms,nb,0,8,132,1,64,0.35,0.98,0.33,0.11,0.49,0.17
autos,none,normal-chops,none,nomograms,nb,1,4,145,5,51,0.27,0.91,0.26,0.56,0.4,0.35
autos,none,normal-chops,none,nomograms,nb,2,9,167,0,29,0.19,1,0.15,0,0.26,0
autos,none,normal-chops,none,nomograms,nb,3,8,169,1,27,0.17,0.96,0.14,0.11,0.24,0.12
autos,normalize,n-chops8,none,nomograms,twob,-3,132,73,0,0,0.64,0,0,0,0,0
autos,normalize,n-chops8,none,nomograms,twob,-2,132,73,0,0,0.64,0,0,0,0,0
autos,normalize,n-chops8,none,nomograms,twob,-1,132,73,0,0,0.64,0,0,0,0,0
autos,normalize,n-chops8,none,nomograms,twob,0,104,49,28,24,0.62,0.46,0.33,0.21,0.38,0.26
autos,normalize,n-chops8,none,nomograms,twob,1,28,24,104,49,0.38,0.32,0.67,0.79,0.43,0.72
autos,normalize,n-chops8,none,nomograms,twob,2,132,73,0,0,0.64,0,0,0,0,0
autos,normalize,n-chops8,none,nomograms,twob,3,132,73,0,0,0.64,0,0,0,0,0
autos,normalize,normal-chops,none,nomograms,twob,-3,139,66,0,0,0.68,0,0,0,0,0
autos,normalize,normal-chops,none,nomograms,twob,-2,139,66,0,0,0.68,0,0,0,0,0
autos,normalize,normal-chops,none,nomograms,twob,-1,139,66,0,0,0.68,0,0,0,0,0
autos,normalize,normal-chops,none,nomograms,twob,0,2,1,137,65,0.33,0.32,0.98,0.99,0.49,0.99
autos,normalize,normal-chops,none,nomograms,twob,1,137,65,2,1,0.67,0.33,0.02,0.01,0.03,0.01
autos,normalize,normal-chops,none,nomograms,twob,2,139,66,0,0,0.68,0,0,0,0,0
autos,normalize,normal-chops,none,nomograms,twob,3,139,66,0,0,0.68,0,0,0,0,0
autos,none,normal-chops,none,none,twob,-3,109,96,0,0,0.53,0,0,0,0,0
autos,none,normal-chops,none,none,twob,-2,109,96,0,0,0.53,0,0,0,0,0
autos,none,normal-chops,none,none,twob,-1,106,89,3,7,0.55,0.7,0.07,0.03,0.13,0.04
autos,none,normal-chops,none,none,twob,0,81,62,28,34,0.56,0.55,0.35,0.26,0.43,0.3
autos,none,normal-chops,none,none,twob,1,68,63,41,33,0.49,0.45,0.34,0.38,0.39,0.36
autos,none,normal-chops,none,none,twob,2,73,82,36,14,0.42,0.28,0.15,0.33,0.19,0.2
autos,none,normal-chops,none,none,twob,3,108,88,1,8,0.57,0.89,0.08,0.01,0.15,0.02
autos,normalize,normal-chops,none,B-squared,twob,-2,110,95,0,0,0.54,0,0,0,0,0
autos,normalize,normal-chops,none,B-squared,twob,-1,108,93,2,2,0.54,0.5,0.02,0.02,0.04,0.02
autos,normalize,normal-chops,none,B-squared,twob,0,6,29,104,66,0.35,0.39,0.69,0.95,0.5,0.8
autos,normalize,normal-chops,none,B-squared,twob,1,109,79,1,16,0.61,0.94,0.17,0.01,0.29,0.02
autos,normalize,normal-chops,none,B-squared,twob,2,108,90,2,5,0.55,0.71,0.05,0.02,0.1,0.03
autos,normalize,normal-chops,none,B-squared,twob,3,109,89,1,6,0.56,0.86,0.06,0.01,0.12,0.02
servo,none,normal-chops,none,none,oner,-3,156,11,0,0,0.93,0,0,0,0,0
servo,none,normal-chops,none,none,oner,-2,156,11,0,0,0.93,0,0,0,0,0
servo,none,normal-chops,none,none,oner,-1,156,11,0,0,0.93,0,0,0,0,0
servo,none,normal-chops,none,none,oner,1,156,11,0,0,0.93,0,0,0,0,0
servo,none,normal-chops,none,none,oner,2,156,11,0,0,0.93,0,0,0,0,0
servo,none,normal-chops,none,none,oner,3,117,0,39,11,0.77,0.22,1,0.25,0.36,0.4
servo,normalize,normal-chops,none,none,oner,-3,156,11,0,0,0.93,0,0,0,0,0
servo,normalize,normal-chops,none,none,oner,-2,156,11,0,0,0.93,0,0,0,0,0
servo,normalize,normal-chops,none,none,oner,-1,156,11,0,0,0.93,0,0,0,0,0
servo,normalize,normal-chops,none,none,oner,1,156,11,0,0,0.93,0,0,0,0,0
servo,normalize,normal-chops,none,none,oner,2,156,11,0,0,0.93,0,0,0,0,0
servo,normalize,normal-chops,none,none,oner,3,117,0,39,11,0.77,0.22,1,0.25,0.36,0.4
servo,none,normal-chops,none,nomograms,oner,-3,156,11,0,0,0.93,0,0,0,0,0
servo,none,normal-chops,none,nomograms,oner,-2,156,11,0,0,0.93,0,0,0,0,0
servo,none,normal-chops,none,nomograms,oner,-1,156,11,0,0,0.93,0,0,0,0,0
servo,none,normal-chops,none,nomograms,oner,1,156,11,0,0,0.93,0,0,0,0,0
servo,none,normal-chops,none,nomograms,oner,2,156,11,0,0,0.93,0,0,0,0,0
servo,none,normal-chops,none,nomograms,oner,3,117,0,39,11,0.77,0.22,1,0.25,0.36,0.4
servo,bore,normal-chops,none,none,nb,-3,99,68,0,0,0.59,0,0,0,0,0
servo,bore,normal-chops,none,none,nb,-2,95,68,4,0,0.57,0,0,0.04,0,0
servo,bore,normal-chops,none,none,nb,-1,78,5,21,63,0.84,0.75,0.93,0.21,0.83,0.35
servo,bore,normal-chops,none,none,nb,1,52,64,47,4,0.34,0.08,0.06,0.47,0.07,0.1
servo,bore,normal-chops,none,none,nb,2,72,67,27,1,0.44,0.04,0.01,0.27,0.02,0.03
servo,bore,normal-chops,none,none,nb,3,99,68,0,0,0.59,0,0,0,0,0
servo,bore,n-chops8,none,none,twob,1,139,13,10,5,0.86,0.33,0.28,0.07,0.3,0.11
servo,bore,n-chops8,none,none,twob,2,142,15,7,3,0.87,0.3,0.17,0.05,0.21,0.07
servo,bore,n-chops8,none,none,twob,3,118,15,31,3,0.72,0.09,0.17,0.21,0.12,0.19
servo,bore,n-chops8,none,none,twob,4,138,17,11,1,0.83,0.08,0.06,0.07,0.07,0.06
servo,bore,n-chops8,none,none,twob,5,105,14,44,4,0.65,0.08,0.22,0.3,0.12,0.25
servo,bore,n-chops8,none,none,twob,6,124,18,25,0,0.74,0,0,0.17,0,0
servo,bore,n-chops8,none,none,twob,7,128,16,21,2,0.78,0.09,0.11,0.14,0.1,0.12
servo,bore,n-chops8,none,none,twob,8,149,18,0,0,0.89,0,0,0,0,0
servo,bore,n-bins8,none,none,twob,8,157,10,0,0,0.94,0,0,0,0,0
servo,bore,n-bins8,none,none,twob,7,132,10,25,0,0.79,0,0,0.16,0,0
servo,bore,n-bins8,none,none,twob,6,151,10,6,0,0.9,0,0,0.04,0,0
servo,bore,n-bins8,none,none,twob,5,92,3,65,7,0.59,0.1,0.7,0.41,0.17,0.52
servo,bore,n-bins8,none,none,twob,4,109,9,48,1,0.66,0.02,0.1,0.31,0.03,0.15
servo,bore,n-bins8,none,none,twob,3,144,8,13,2,0.87,0.13,0.2,0.08,0.16,0.12
servo,bore,n-bins8,none,none,twob,2,157,10,0,0,0.94,0,0,0,0,0
servo,bore,n-bins8,none,none,twob,1,157,10,0,0,0.94,0,0,0,0,0
servo,bore,n-bins8,none,none,twob,0,157,10,0,0,0.94,0,0,0,0,0
housing,none,normal-chops,genic2-3,none,oner,-3,196,302,8,0,0.39,0,0,0.04,0,0
housing,none,normal-chops,genic2-3,none,oner,-2,179,285,25,17,0.39,0.4,0.06,0.12,0.1,0.08
housing,none,normal-chops,genic2-3,none,oner,-1,136,142,68,160,0.58,0.7,0.53,0.33,0.6,0.41
housing,none,normal-chops,genic2-3,none,oner,0,204,302,0,0,0.4,0,0,0,0,0
housing,none,normal-chops,genic2-3,none,oner,1,126,217,78,85,0.42,0.52,0.28,0.38,0.37,0.32
housing,none,normal-chops,genic2-3,none,oner,2,184,280,20,22,0.41,0.52,0.07,0.1,0.13,0.08
housing,none,normal-chops,genic2-3,none,oner,3,199,284,5,18,0.43,0.78,0.06,0.02,0.11,0.03
housing,none,normal-chops,genic2-3,none,nb,-3,172,334,0,0,0.34,0,0,0,0,0
housing,none,normal-chops,genic2-3,none,nb,-2,151,300,21,34,0.37,0.62,0.1,0.12,0.17,0.11
housing,none,normal-chops,genic2-3,none,nb,-1,80,134,92,200,0.55,0.68,0.6,0.53,0.64,0.57
housing,none,normal-chops,genic2-3,none,nb,0,172,334,0,0,0.34,0,0,0,0,0
housing,none,normal-chops,genic2-3,none,nb,1,143,270,29,64,0.41,0.69,0.19,0.17,0.3,0.18
housing,none,normal-chops,genic2-3,none,nb,2,144,305,28,29,0.34,0.51,0.09,0.16,0.15,0.11
housing,none,normal-chops,genic2-3,none,nb,3,170,327,2,7,0.35,0.78,0.02,0.01,0.04,0.01
housing,none,normal-chops,genic2-5,none,oner,-3,196,302,8,0,0.39,0,0,0.04,0,0
housing,none,normal-chops,genic2-5,none,oner,-2,179,285,25,17,0.39,0.4,0.06,0.12,0.1,0.08
housing,none,normal-chops,genic2-5,none,oner,-1,136,142,68,160,0.58,0.7,0.53,0.33,0.6,0.41
housing,none,normal-chops,genic2-5,none,oner,0,204,302,0,0,0.4,0,0,0,0,0
housing,none,normal-chops,genic2-5,none,oner,1,126,217,78,85,0.42,0.52,0.28,0.38,0.37,0.32
housing,none,normal-chops,genic2-5,none,oner,2,184,280,20,22,0.41,0.52,0.07,0.1,0.13,0.08
housing,none,normal-chops,genic2-5,none,oner,3,199,284,5,18,0.43,0.78,0.06,0.02,0.11,0.03
housing,none,n-bins8,genic2-5,none,oner,8,438,66,2,0,0.87,0,0,0,0,0
housing,none,n-bins8,genic2-5,none,oner,7,435,66,5,0,0.86,0,0,0.01,0,0
housing,none,n-bins8,genic2-5,none,oner,6,420,66,20,0,0.83,0,0,0.05,0,0
housing,none,n-bins8,genic2-5,none,oner,5,412,66,28,0,0.81,0,0,0.06,0,0
housing,none,n-bins8,genic2-5,none,oner,4,385,64,55,2,0.76,0.04,0.03,0.13,0.03,0.05
housing,none,n-bins8,genic2-5,none,oner,3,383,24,57,42,0.84,0.42,0.64,0.13,0.51,0.22
housing,none,n-bins8,genic2-5,none,oner,2,339,45,101,21,0.71,0.17,0.32,0.23,0.22,0.27
housing,none,n-bins8,genic2-5,none,oner,1,301,65,139,1,0.6,0.01,0.02,0.32,0.01,0.03
housing,none,n-bins8,genic2-5,none,oner,0,407,66,33,0,0.8,0,0,0.08,0,0
housing,none,n-bins8,genic2-5,none,nb,8,309,195,0,2,0.61,1,0.01,0,0.02,0
housing,none,n-bins8,genic2-5,none,nb,7,308,195,1,2,0.61,0.67,0.01,0,0.02,0
housing,none,n-bins8,genic2-5,none,nb,6,308,197,1,0,0.61,0,0,0,0,0
housing,none,n-bins8,genic2-5,none,nb,5,288,187,21,10,0.59,0.32,0.05,0.07,0.09,0.06
housing,none,n-bins8,genic2-5,none,nb,4,237,164,72,33,0.53,0.31,0.17,0.23,0.22,0.19
housing,none,n-bins8,genic2-5,none,nb,3,280,138,29,59,0.67,0.67,0.3,0.09,0.41,0.14
housing,none,n-bins8,genic2-5,none,nb,2,158,124,151,73,0.46,0.33,0.37,0.49,0.35,0.42
housing,none,n-bins8,genic2-5,none,nb,1,275,179,34,18,0.58,0.35,0.09,0.11,0.14,0.1
housing,none,n-bins8,genic2-5,none,nb,0,309,197,0,0,0.61,0,0,0,0,0
housing,none,n-bins8,genic2-5,none,twob,8,336,125,37,8,0.68,0.18,0.06,0.1,0.09,0.07
housing,none,n-bins8,genic2-5,none,twob,7,373,133,0,0,0.74,0,0,0,0,0
housing,none,n-bins8,genic2-5,none,twob,6,373,133,0,0,0.74,0,0,0,0,0
housing,none,n-bins8,genic2-5,none,twob,5,366,133,7,0,0.72,0,0,0.02,0,0
housing,none,n-bins8,genic2-5,none,twob,4,286,131,87,2,0.57,0.02,0.02,0.23,0.02,0.03
housing,none,n-bins8,genic2-5,none,twob,3,258,34,115,99,0.71,0.46,0.74,0.31,0.57,0.44
housing,none,n-bins8,genic2-5,none,twob,2,319,132,54,1,0.63,0.02,0.01,0.14,0.01,0.01
housing,none,n-bins8,genic2-5,none,twob,1,303,110,70,23,0.64,0.25,0.17,0.19,0.2,0.18
housing,none,n-bins8,genic2-5,none,twob,0,370,133,3,0,0.73,0,0,0.01,0,0
